{"x": [0.25, 0.35, 0.44999999999999996, 0.5499999999999999, 0.6499999999999999, 0.7499999999999999, 0.8499999999999999, 0.9499999999999998, 1.0499999999999998, 1.15, 1.2499999999999998, 1.3499999999999996, 1.4499999999999997, 1.5499999999999998, 1.6499999999999997, 1.7499999999999996, 1.8499999999999996, 1.9499999999999997, 2.05, 2.1499999999999995, 2.2499999999999996, 2.3499999999999996, 2.4499999999999993, 2.5499999999999994, 2.6499999999999995, 2.7499999999999996, 2.8499999999999996, 2.9499999999999993, 3.0499999999999994, 3.1499999999999995, 3.249999999999999, 3.349999999999999, 3.4499999999999993, 3.5499999999999994, 3.6499999999999995, 3.749999999999999, 3.849999999999999, 3.9499999999999993, 4.049999999999999, 4.149999999999999, 4.249999999999999, 4.349999999999999, 4.449999999999999, 4.549999999999999, 4.649999999999999, 4.749999999999999, 4.849999999999999, 4.949999999999999, 5.049999999999999, 5.149999999999999, 5.249999999999999, 5.349999999999999, 5.449999999999999, 5.549999999999999, 5.649999999999999, 5.749999999999999, 5.849999999999999, 5.949999999999998], "y": [0.0, 0.0, 0.0, 0.0, 0.0, 0.0, 0.0, 0.5, 0.3333333333333333, 0.3333333333333333, 0.2, 0.16666666666666666, 0.16666666666666666, 0.14285714285714285, 1.5833333333333333, 1.3571428571428572, 1.1666666666666667, 1.3478260869565217, 1.84, 1.84, 1.6785714285714286, 1.6333333333333333, 1.5757575757575757, 1.5945945945945945, 1.6511627906976745, 1.8, 1.96, 2.2777777777777777, 2.2777777777777777, 3.1228070175438596, 3.1228070175438596, 3.1228070175438596, 3.0689655172413794, 2.9833333333333334, 2.9833333333333334, 3.3870967741935485, 3.7301587301587302, 3.9846153846153847, 3.9846153846153847, 4.181818181818182, 4.181818181818182, 4.181818181818182, 4.181818181818182, 4.134328358208955, 4.117647058823529, 4.159420289855072, 4.159420289855072, 4.169014084507042, 4.169014084507042, 4.169014084507042, 4.260273972602739, 4.260273972602739, 4.260273972602739, 4.260273972602739, 4.260273972602739, 4.260273972602739, 4.364864864864865, 4.364864864864865]}