{"model": {"x": [0.0, 0.050505050505050504, 0.10101010101010101, 0.15151515151515152, 0.20202020202020202, 0.25252525252525254, 0.30303030303030304, 0.35353535353535354, 0.40404040404040403, 0.45454545454545453, 0.5050505050505051, 0.5555555555555556, 0.6060606060606061, 0.6565656565656566, 0.7070707070707071, 0.7575757575757576, 0.8080808080808081, 0.8585858585858586, 0.9090909090909091, 0.9595959595959596, 1.0101010101010102, 1.0606060606060606, 1.1111111111111112, 1.1616161616161615, 1.2121212121212122, 1.2626262626262625, 1.3131313131313131, 1.3636363636363635, 1.4141414141414141, 1.4646464646464645, 1.5151515151515151, 1.5656565656565655, 1.6161616161616161, 1.6666666666666667, 1.7171717171717171, 1.7676767676767677, 1.8181818181818181, 1.8686868686868687, 1.9191919191919191, 1.9696969696969697, 2.0202020202020203, 2.0707070707070705, 2.121212121212121, 2.1717171717171717, 2.2222222222222223, 2.2727272727272725, 2.323232323232323, 2.3737373737373737, 2.4242424242424243, 2.474747474747475, 2.525252525252525, 2.5757575757575757, 2.6262626262626263, 2.676767676767677, 2.727272727272727, 2.7777777777777777, 2.8282828282828283, 2.878787878787879, 2.929292929292929, 2.9797979797979797, 3.0303030303030303, 3.080808080808081, 3.131313131313131, 3.1818181818181817, 3.2323232323232323, 3.282828282828283, 3.3333333333333335, 3.3838383838383836, 3.4343434343434343, 3.484848484848485, 3.5353535353535355, 3.5858585858585856, 3.6363636363636362, 3.686868686868687, 3.7373737373737375, 3.7878787878787876, 3.8383838383838382, 3.888888888888889, 3.9393939393939394, 3.9898989898989896, 4.040404040404041, 4.090909090909091, 4.141414141414141, 4.191919191919192, 4.242424242424242, 4.292929292929293, 4.343434343434343, 4.393939393939394, 4.444444444444445, 4.494949494949495, 4.545454545454545, 4.595959595959596, 4.646464646464646, 4.696969696969697, 4.747474747474747, 4.797979797979798, 4.848484848484849, 4.898989898989899, 4.94949494949495, 5.0], "y": [3.7109939631670947, 3.6433114901267114, 3.576280421174404, 3.5099007563101723, 3.444172495534016, 3.3790956388459357, 3.314670186245931, 3.250896137734002, 3.1877734933101487, 3.1253022529743713, 3.063482416726669, 3.002313984567043, 2.9417969564954927, 2.881931332512018, 2.822717112616619, 2.7641542968092963, 2.7062428850900484, 2.648982877458877, 2.5923742739157807, 2.5364170744607604, 2.4811112790938155, 2.426456887814947, 2.3724539006241536, 2.3191023175214363, 2.2664021385067943, 2.214353363580228, 2.162955992741738, 2.112210025991323, 2.0621154633289844, 2.0126723047547213, 1.9638805502685337, 1.915740199870422, 1.8682512535603857, 1.8214137113384257, 1.7752275732045408, 1.7296928391587323, 1.6848095092009991, 1.6405775833313414, 1.5969970615497595, 1.554067943856254, 1.5117902302508233, 1.470163920733469, 1.42918901530419, 1.3888655139629869, 1.3491934167098596, 1.3101727235448077, 1.2718034344678317, 1.2340855494789311, 1.1970190685781068, 1.160603991765358, 1.1248403190406848, 1.0897280504040876, 1.0552671858555653, 1.0214577253951198, 0.9882996690227492, 0.955793016738455, 0.9239377685422356, 0.892733924434093, 0.8621814844140259, 0.8322804484820341, 0.8030308166381177, 0.7744325888822772, 0.7464857652145129, 0.7191903456348241, 0.6925463301432107, 0.666553718739674, 0.6412125114242122, 0.6165227081968263, 0.5924843090575158, 0.5690973140062812, 0.5463617230431228, 0.5242775361680394, 0.5028447533810327, 0.4820633746821006, 0.4619334000712447, 0.44245482954846427, 0.42362766311375966, 0.40545190076713133, 0.38792754250857797, 0.3710545883381009, 0.3548330382556988, 0.3392628922613734, 0.324344150355123, 0.3100768125369484, 0.2964608788068501, 0.28349634916482636, 0.2711832236108793, 0.2595215021450077, 0.24851118476721235, 0.23815227147749196, 0.22844476227584698, 0.2193886571622783, 0.2109839561367859, 0.20323065919936756, 0.1961287663500264, 0.18967827758876066, 0.18387919291557075, 0.1787315123304567, 0.17423523583341716, 0.17039036342445435]}, "train": {"x": [0.9320454545454546, 1.0229545454545454, 1.0684090909090909, 1.1138636363636365, 1.159318181818182, 1.2502272727272727, 1.2956818181818182, 1.3411363636363638, 1.3865909090909092, 1.4320454545454546, 1.5229545454545454, 1.568409090909091, 1.6138636363636365, 1.659318181818182, 1.7047727272727273, 1.7502272727272727, 1.7956818181818184, 1.8411363636363638, 1.8865909090909092, 1.9320454545454546, 1.9775, 2.0229545454545454, 2.068409090909091, 2.1138636363636363, 2.1593181818181817, 2.2047727272727276, 2.250227272727273, 2.2956818181818184, 2.341136363636364, 2.386590909090909, 2.4320454545454546, 2.4775, 2.5229545454545454, 2.568409090909091, 2.6138636363636363, 2.659318181818182, 2.7047727272727276, 2.750227272727273, 2.7956818181818184, 2.841136363636364, 2.886590909090909, 2.9775, 3.0229545454545454, 3.068409090909091, 3.1138636363636363, 3.159318181818182, 3.2047727272727276, 3.250227272727273, 3.2956818181818184, 3.341136363636364, 3.386590909090909, 3.4320454545454546, 3.4775, 3.5229545454545454, 3.568409090909091, 3.6138636363636367, 3.659318181818182, 3.7047727272727276, 3.750227272727273, 3.7956818181818184, 3.841136363636364, 3.886590909090909, 3.9320454545454546, 3.9775, 4.022954545454546, 4.068409090909091, 4.113863636363637, 4.159318181818182, 4.2047727272727276, 4.2502272727272725, 4.295681818181818, 4.386590909090909, 4.432045454545455], "y": [2.745889349365951, 2.633846987063299, 1.6387011515399545, 3.514781104171666, 4.404547652146114, 2.120428013980669, 1.9575517589749836, 1.262779845809465, 2.9872452522542083, 1.7070783357569534, 2.0123329492034685, 1.3212042146321215, 1.4343980324170578, 2.2099764913564135, 1.3175870214120031, 2.179981966104114, 1.614836777206957, 0.9148246539563412, 1.7590711827536551, 1.5820117794764332, 2.079724316580851, 1.6598272938613376, 0.9765292430817557, 1.4434189753075413, 1.591773488611184, 1.7841376677790954, 1.4021043416967467, 1.4207964303708116, 1.7731585270067345, 0.8729855267747548, 1.5955653791078561, 1.0202237564416252, 1.0640635214115075, 0.2858054885538144, 0.9418798961616658, 0.39365499900185885, 0.7400456740485223, 0.5430856030679422, 1.1120161720985604, 0.802280925106038, 1.3140949343603712, 0.23140199550649343, 0.7046733732902348, 0.4975037783356908, 0.6482347641635364, 0.6446501578950771, 0.6519696910820171, 0.6605572721840689, 0.5138818539469421, 0.5631430996250265, 0.6274093629170848, 0.6825518547943406, 0.3563798453902769, 0.4979480951619086, 0.8001605874140794, 0.27362031319274466, 0.6604992262530093, 0.35955948863605824, 0.4995034977017205, 0.6545499433881586, 0.42048500701223096, 0.24659596174920448, 0.4669214183538741, 0.06038992343236393, 0.23134731666858777, 0.5121550235445569, 0.4406605983838355, 0.46324445108176115, 0.1514985194042457, 0.4873528396034507, 0.37748141286165743, 0.7169113910405027, 0.6695992962223007]}}